time,vector_error,exact_cayley_phase_error,leading_t_h2_over_12
0.0,0.0,0.0,0.0
0.05,1.0412762159631176e-5,1.0412762159683897e-5,1.041666666666667e-5
0.1,2.082552431896503e-5,2.0825524319367794e-5,2.083333333333334e-5
0.15000000000000002,3.123828647781545e-5,3.123828647905169e-5,3.125000000000001e-5
0.2,4.1651048635678836e-5,4.165104863873559e-5,4.166666666666668e-5
0.25,5.206381079252652e-5,5.2063810798419485e-5,5.2083333333333343e-5
0.30000000000000004,6.24765729479905e-5,6.247657295810338e-5,6.250000000000001e-5
0.35000000000000003,7.28893351016971e-5,7.288933511778728e-5,7.291666666666669e-5
0.4,8.330209725343833e-5,8.330209727747118e-5,8.333333333333336e-5
0.45,9.371485940289057e-5,9.371485943715507e-5,9.375000000000003e-5
0.5,0.00010412762154977015,0.00010412762159683897,0.00010416666666666669
0.55,0.00011454038369395637,0.00011454038375652287,0.00011458333333333336
0.6000000000000001,0.00012495314583510102,0.00012495314591620676,0.00012500000000000003
0.65,0.00013536590797258316,0.00013536590807589066,0.0001354166666666667
0.7000000000000001,0.00014577867010648885,0.00014577867023557456,0.00014583333333333337
0.75,0.00015619143223628788,0.00015619143239525846,0.00015625000000000003
0.8,0.00016660419436211144,0.00016660419455494235,0.00016666666666666672
0.8500000000000001,0.0001770169564833416,0.00017701695671462625,0.00017708333333333337
0.9,0.00018742971859981726,0.00018742971887431015,0.00018750000000000006
0.9500000000000001,0.00019784248071115043,0.00019784248103399404,0.00019791666666666674
1.0,0.00020825524281715236,0.00020825524319367794,0.00020833333333333337
1.05,0.00021866800491756686,0.00021866800535336184,0.00021875000000000006
1.1,0.00022908076701203578,0.00022908076751304574,0.00022916666666666672
1.1500000000000001,0.0002394935291002322,0.00023949352967272963,0.0002395833333333334
1.2000000000000002,0.00024990629118203285,0.00024990629183241353,0.00025000000000000006
1.25,0.0002603190532567372,0.0002603190539920974,0.0002604166666666667
1.3,0.00027073181532470095,0.0002707318161517813,0.0002708333333333334
1.35,0.00028114457738529945,0.0002811445783114652,0.0002812500000000001
1.4000000000000001,0.00029155733943830853,0.0002915573404711491,0.00029166666666666675
1.4500000000000002,0.0003019701014833598,0.000301970102630833,0.0003020833333333334
1.5,0.0003123828635200368,0.0003123828647905169,0.00031250000000000006
1.55,0.00032279562554845745,0.0003227956269502008,0.0003229166666666667
1.6,0.00033320838756813713,0.0003332083891098847,0.00033333333333333343
1.6500000000000001,0.0003436211495787789,0.0003436211512695686,0.0003437500000000001
1.7000000000000002,0.0003540339115801259,0.0003540339134292525,0.00035416666666666675
1.75,0.00036444667357162213,0.0003644466755889364,0.00036458333333333335
1.8,0.00037485943555348175,0.0003748594377486203,0.0003750000000000001
1.85,0.00038527219752513414,0.0003852721999083042,0.0003854166666666668
1.9000000000000001,0.00039568495948632805,0.0003956849620679881,0.0003958333333333335
1.9500000000000002,0.0004060977214369814,0.000406097724227672,0.00040625000000000014
2.0,0.00041651048337632354,0.0004165104863873559,0.00041666666666666675
2.0500000000000003,0.00042692324530482236,0.0004269232485470398,0.0004270833333333335
2.1,0.00043733600722128957,0.0004373360107067237,0.0004375000000000001
2.15,0.00044774876912578664,0.0004477487728664076,0.0004479166666666667
2.2,0.0004581615310185857,0.00045816153502609147,0.00045833333333333343
2.25,0.0004685742928987105,0.00046857429718577537,0.00046875000000000015
2.3000000000000003,0.00047898705476646133,0.00047898705934545927,0.0004791666666666668
2.35,0.0004893998166206761,0.0004893998215051432,0.0004895833333333335
2.4000000000000004,0.0004998125784622286,0.0004998125836648271,0.0005000000000000001
2.45,0.0005102253402896744,0.000510225345824511,0.0005104166666666668
2.5,0.0005206381021034997,0.0005206381079841949,0.0005208333333333334
2.5500000000000003,0.0005310508639034927,0.0005310508701438788,0.0005312500000000001
2.6,0.000541463625688668,0.0005414636323035626,0.0005416666666666668
2.6500000000000004,0.0005518763874596556,0.0005518763944632465,0.0005520833333333336
2.7,0.0005622891492152216,0.0005622891566229304,0.0005625000000000002
2.75,0.0005727019109556162,0.0005727019187826143,0.0005729166666666668
2.8000000000000003,0.0005831146726808529,0.0005831146809422982,0.0005833333333333335
2.85,0.0005935274343897866,0.0005935274431019821,0.0005937500000000002
2.9000000000000004,0.0006039401960831086,0.000603940205261666,0.0006041666666666668
2.95,0.000614352957759644,0.0006143529674213499,0.0006145833333333335
3.0,0.0006247657194194918,0.0006247657295810338,0.0006250000000000001
3.0500000000000003,0.0006351784810628742,0.0006351784917407177,0.0006354166666666668
3.1,0.0006455912426885877,0.0006455912539004016,0.0006458333333333334
3.1500000000000004,0.0006560040042972475,0.0006560040160600855,0.0006562500000000001
3.2,0.0006664167658876724,0.0006664167782197694,0.0006666666666666669
3.25,0.0006768295274600123,0.0006768295403794533,0.0006770833333333335
3.3000000000000003,0.0006872422890144994,0.0006872423025391372,0.0006875000000000002
3.35,0.0006976550505499176,0.0006976550646988211,0.0006979166666666669
3.4000000000000004,0.0007080678120668925,0.000708067826858505,0.0007083333333333335
3.45,0.0007184805735641342,0.0007184805890181889,0.0007187500000000002
3.5,0.0007288933350419585,0.0007288933511778728,0.0007291666666666667
3.5500000000000003,0.0007393060965005109,0.0007393061133375567,0.0007395833333333335
3.6,0.0007497188579384828,0.0007497188754972406,0.0007500000000000002
3.6500000000000004,0.0007601316193565491,0.0007601316376569245,0.0007604166666666669
3.7,0.0007705443807537834,0.0007705443998166084,0.0007708333333333335
3.75,0.0007809571421298439,0.0007809571619762923,0.0007812500000000002
3.8000000000000003,0.0007913699034853711,0.0007913699241359762,0.000791666666666667
3.85,0.0008017826648188563,0.0008017826862956601,0.0008020833333333335
3.9000000000000004,0.000812195426131119,0.000812195448455344,0.0008125000000000003
3.95,0.0008226081874210396,0.0008226082106150279,0.0008229166666666668
4.0,0.0008330209486885586,0.0008330209727747118,0.0008333333333333335
4.05,0.000843433709933608,0.0008434337349343957,0.0008437500000000002
4.1000000000000005,0.0008538464711564924,0.0008538464970940796,0.000854166666666667
4.15,0.000864259232355517,0.0008642592592537635,0.0008645833333333335
4.2,0.000874671993531099,0.0008746720214134474,0.0008750000000000002
4.25,0.0008850847546829055,0.0008850847835731313,0.0008854166666666668
4.3,0.0008954975158107528,0.0008954975457328151,0.0008958333333333334
4.3500000000000005,0.0009059102769152347,0.000905910307892499,0.0009062500000000003
4.4,0.0009163230379941584,0.0009163230700521829,0.0009166666666666669
4.45,0.0009267357990482893,0.0009267358322118668,0.0009270833333333336
4.5,0.0009371485600773105,0.0009371485943715507,0.0009375000000000003
4.55,0.0009475613210809167,0.0009475613565312346,0.0009479166666666668
4.6000000000000005,0.0009579740820597538,0.0009579741186909185,0.0009583333333333336
4.65,0.0009683868430117442,0.0009683868808506024,0.0009687500000000003
4.7,0.0009787996039374754,0.0009787996430102863,0.000979166666666667
4.75,0.000989212364836668,0.0009892124051699702,0.0009895833333333334
4.800000000000001,0.0009996251257099345,0.0009996251673296541,0.0010000000000000002
4.8500000000000005,0.0010100378865551965,0.001010037929489338,0.001010416666666667
4.9,0.0010204506473731232,0.001020450691649022,0.0010208333333333337
4.95,0.0010308634081633641,0.0010308634538087058,0.0010312500000000003
5.0,0.0010412761689256832,0.0010412762159683897,0.0010416666666666669
5.050000000000001,0.0010516889296606927,0.0010516889781280736,0.0010520833333333337
5.1000000000000005,0.0010621016903663218,0.0010621017402877575,0.0010625000000000003
5.15,0.0010725144510431324,0.0010725145024474414,0.001072916666666667
5.2,0.0010829272116908164,0.0010829272646071253,0.0010833333333333335
5.25,0.0010933399723091603,0.0010933400267668092,0.0010937500000000003
5.300000000000001,0.0011037527328987076,0.001103752788926493,0.0011041666666666671
5.3500000000000005,0.001114165493457479,0.001114165551086177,0.0011145833333333335
5.4,0.0011245782539861303,0.0011245783132458609,0.0011250000000000003
5.45,0.0011349910144842644,0.0011349910754055448,0.001135416666666667
5.5,0.0011454037749515495,0.0011454038375652287,0.0011458333333333336
5.550000000000001,0.0011558165353887687,0.0011558165997249126,0.0011562500000000004
5.6000000000000005,0.00116622929579369,0.0011662293618845965,0.001166666666666667
5.65,0.0011766420561670871,0.0011766421240442804,0.0011770833333333336
5.7,0.0011870548165085818,0.0011870548862039643,0.0011875000000000004
5.75,0.0011974675768177366,0.0011974676483636482,0.0011979166666666668
5.800000000000001,0.0012078803370955042,0.001207880410523332,0.0012083333333333336
5.8500000000000005,0.0012182930973395401,0.001218293172683016,0.0012187500000000004
5.9,0.0012287058575506994,0.0012287059348426999,0.001229166666666667
5.95,0.0012391186177284049,0.0012391186970023838,0.0012395833333333336
6.0,0.0012495313778725773,0.0012495314591620676,0.0012500000000000002
6.050000000000001,0.001259944137983734,0.0012599442213217515,0.001260416666666667
6.1000000000000005,0.0012703568980598856,0.0012703569834814354,0.0012708333333333337
6.15,0.0012807696581016077,0.0012807697456411193,0.0012812500000000003
6.2,0.0012911824181086014,0.0012911825078008032,0.0012916666666666669
6.25,0.0013015951780805972,0.0013015952699604871,0.0013020833333333337
6.300000000000001,0.0013120079380181985,0.001312008032120171,0.0013125000000000003
6.3500000000000005,0.0013224206979193358,0.001322420794279855,0.001322916666666667
6.4,0.001332833457784657,0.0013328335564395388,0.0013333333333333337
6.45,0.0013432462176138306,0.0013432463185992227,0.0013437500000000003
6.5,0.0013536589774065864,0.0013536590807589066,0.001354166666666667
6.550000000000001,0.001364071737163566,0.0013640718429185905,0.0013645833333333338
6.6000000000000005,0.0013744844968826765,0.0013744846050782744,0.0013750000000000004
6.65,0.0013848972565645478,0.0013848973672379583,0.001385416666666667
6.7,0.0013953100162088206,0.0013953101293976422,0.0013958333333333338
6.75,0.001405722775815305,0.001405722891557326,0.0014062500000000004
6.800000000000001,0.0014161355353846,0.00141613565371701,0.001416666666666667
6.8500000000000005,0.0014265482949145452,0.001426548415876694,0.0014270833333333338
6.9,0.0014369610544059995,0.0014369611780363778,0.0014375000000000004
6.95,0.0014473738138583328,0.0014473739401960617,0.001447916666666667
7.0,0.0014577865732715448,0.0014577867023557456,0.0014583333333333334
7.050000000000001,0.001468199332646035,0.0014681994645154295,0.0014687500000000004
7.1000000000000005,0.0014786120919798706,0.0014786122266751134,0.001479166666666667
7.15,0.0014890248512735228,0.0014890249888347973,0.0014895833333333339
7.2,0.0014994376105268656,0.0014994377509944812,0.0015000000000000005
7.25,0.0015098503697396355,0.001509850513154165,0.0015104166666666669
7.300000000000001,0.0015202631289122387,0.001520263275313849,0.0015208333333333339
7.3500000000000005,0.001530675888042928,0.0015306760374735329,0.0015312500000000005
7.4,0.0015410886471320755,0.0015410887996332168,0.001541666666666667
7.45,0.0015515014061793955,0.0015515015617929007,0.0015520833333333335
7.5,0.0015619141651846183,0.0015619143239525846,0.0015625000000000003
7.550000000000001,0.0015723269241484446,0.0015723270861122685,0.0015729166666666671
7.6000000000000005,0.0015827396830686673,0.0015827398482719524,0.001583333333333334
7.65,0.0015931524419460857,0.0015931526104316363,0.0015937500000000003
7.7,0.0016035652007803185,0.0016035653725913201,0.001604166666666667
7.75,0.0016139779595711016,0.001613978134751004,0.0016145833333333335
7.800000000000001,0.0016243907183190092,0.001624390896910688,0.0016250000000000006
7.8500000000000005,0.0016348034770219913,0.0016348036590703718,0.001635416666666667
7.9,0.001645216235680672,0.0016452164212300557,0.0016458333333333336
7.95,0.001655628994294766,0.0016556291833897396,0.0016562500000000004
8.0,0.0016660417528639975,0.0016660419455494235,0.001666666666666667
8.05,0.0016764545113889103,0.0016764547077091074,0.0016770833333333336
8.1,0.001686867269866634,0.0016868674698687913,0.0016875000000000004
8.15,0.0016972800283004297,0.0016972802320284752,0.001697916666666667
8.200000000000001,0.001707692786688162,0.0017076929941881591,0.001708333333333334
8.25,0.001718105545027887,0.001718105756347843,0.0017187500000000004
8.3,0.001728518303322844,0.001728518518507527,0.001729166666666667
8.35,0.0017389310615690463,0.0017389312806672108,0.0017395833333333336
8.4,0.0017493438197699175,0.0017493440428268947,0.0017500000000000005
8.450000000000001,0.0017597565779235512,0.0017597568049865786,0.0017604166666666673
8.5,0.0017701693360275324,0.0017701695671462625,0.0017708333333333337
8.55,0.0017805820940853256,0.0017805823293059464,0.0017812500000000005
8.6,0.0017909948520930805,0.0017909950914656303,0.0017916666666666669
8.65,0.0018014076100540553,0.0018014078536253142,0.0018020833333333337
8.700000000000001,0.0018118203679662447,0.001811820615784998,0.0018125000000000005
8.75,0.0018222331258274185,0.001822233377944682,0.0018229166666666671
8.8,0.0018326458836410793,0.0018326461401043659,0.0018333333333333337
8.85,0.0018430586414034142,0.0018430589022640498,0.0018437500000000001
8.9,0.001853471399117353,0.0018534716644237337,0.0018541666666666672
8.950000000000001,0.0018638841567811622,0.0018638844265834176,0.0018645833333333338
9.0,0.0018742969143926353,0.0018742971887431015,0.0018750000000000006
9.05,0.0018847096719551183,0.0018847099509027854,0.0018854166666666672
9.1,0.00189512242946473,0.0018951227130624693,0.0018958333333333336
9.15,0.0019055351869247039,0.0019055354752221532,0.0019062500000000006
9.200000000000001,0.001915947944333034,0.001915948237381837,0.0019166666666666672
9.25,0.0019263607016876444,0.001926360999541521,0.0019270833333333336
9.3,0.0019367734589918564,0.0019367737617012049,0.0019375000000000006
9.35,0.0019471862162417752,0.0019471865238608888,0.001947916666666667
9.4,0.001957598973440671,0.0019575992860205726,0.001958333333333334
9.450000000000001,0.001968011730586513,0.0019680120481802565,0.0019687500000000004
9.5,0.0019784244876772405,0.0019784248103399404,0.001979166666666667
9.55,0.0019888372447161165,0.0019888375724996243,0.001989583333333334
9.600000000000001,0.0019992500017010826,0.0019992503346593082,0.0020000000000000005
9.65,0.0020096627586301003,0.002009663096818992,0.002010416666666667
9.700000000000001,0.002020075515506445,0.002020075858978676,0.002020833333333334
9.75,0.0020304882723261386,0.00203048862113836,0.0020312500000000005
9.8,0.0020409010290926392,0.002040901383298044,0.0020416666666666673
9.850000000000001,0.0020513137858038473,0.0020513141454577277,0.002052083333333334
9.9,0.0020617265424576602,0.0020617269076174116,0.0020625000000000005
9.950000000000001,0.0020721392990573125,0.0020721396697770955,0.0020729166666666674
10.0,0.002082552055599011,0.0020825524319367794,0.0020833333333333337
10.05,0.0020929648120860643,0.0020929651940964633,0.0020937500000000006
10.100000000000001,0.0021033775685164293,0.002103377956256147,0.0021041666666666674
10.15,0.0021137903248879954,0.002113790718415831,0.0021145833333333338
10.200000000000001,0.002124203081203984,0.002124203480575515,0.0021250000000000006
10.25,0.002134615837460718,0.002134616242735199,0.002135416666666667
10.3,0.0021450285936612918,0.002145029004894883,0.002145833333333334
10.350000000000001,0.002155441349803816,0.0021554417670545667,0.0021562500000000006
10.4,0.0021658541058859828,0.0021658545292142506,0.002166666666666667
10.450000000000001,0.0021762668619112933,0.0021762672913739345,0.0021770833333333343
10.5,0.0021866796178758112,0.0021866800535336184,0.0021875000000000006
10.55,0.002197092373782915,0.0021970928156933023,0.002197916666666667
10.600000000000001,0.0022075051296304195,0.002207505577852986,0.0022083333333333343
10.65,0.002217917885416279,0.00221791834001267,0.0022187500000000007
10.700000000000001,0.0022283306411437927,0.002228331102172354,0.002229166666666667
10.75,0.0022387433968091204,0.002238743864332038,0.002239583333333334
10.8,0.002249156152415583,0.0022491566264917218,0.0022500000000000007
10.850000000000001,0.0022595689079610683,0.0022595693886514057,0.0022604166666666675
10.9,0.0022699816634435205,0.0022699821508110896,0.002270833333333334
10.950000000000001,0.0022803944188662124,0.0022803949129707735,0.0022812500000000007
11.0,0.0022908071742253127,0.0022908076751304574,0.002291666666666667
11.05,0.0023012199295241002,0.0023012204372901413,0.002302083333333334
11.100000000000001,0.002311632684760512,0.002311633199449825,0.0023125000000000008
11.15,0.0023220454399324967,0.002322045961609509,0.002322916666666667
11.200000000000001,0.002332458195043296,0.002332458723769193,0.002333333333333334
11.25,0.002342870950089116,0.002342871485928877,0.0023437500000000003
11.3,0.00235328370507321,0.0023532842480885607,0.002354166666666667
11.350000000000001,0.002363696459993473,0.0023636970102482446,0.002364583333333334
11.4,0.00237410921484794,0.0023741097724079285,0.002375000000000001
11.450000000000001,0.0023845219696398425,0.0023845225345676124,0.002385416666666667
11.5,0.0023949347243652614,0.0023949352967272963,0.0023958333333333336
11.55,0.0024053474790275554,0.0024053480588869802,0.002406250000000001
11.600000000000001,0.0024157602336246503,0.002415760821046664,0.0024166666666666672
11.65,0.002426172988154519,0.002426173583206348,0.0024270833333333336
11.700000000000001,0.0024365857426205152,0.002436586345366032,0.002437500000000001
11.75,0.0024469984970185,0.002446999107525716,0.0024479166666666673
11.8,0.002457411251351976,0.0024574118696853997,0.002458333333333334
11.850000000000001,0.002467824005618827,0.0024678246318450836,0.002468750000000001
11.9,0.0024782367598171133,0.0024782373940047675,0.0024791666666666673
11.950000000000001,0.0024886495139499927,0.0024886501561644514,0.002489583333333334
12.0,0.002499062268013625,0.0024990629183241353,0.0025000000000000005
12.05,0.0025094750220111847,0.002509475680483819,0.0025104166666666673
12.100000000000001,0.0025198877759408022,0.002519888442643503,0.002520833333333334
12.15,0.0025303005298003478,0.002530301204803187,0.0025312500000000005
12.200000000000001,0.0025407132835930063,0.002540713966962871,0.0025416666666666673
12.25,0.002551126037315057,0.0025511267291225548,0.0025520833333333337
12.3,0.002561538790969798,0.0025615394912822387,0.0025625000000000005
12.350000000000001,0.0025719515445549496,0.0025719522534419226,0.0025729166666666674
12.4,0.0025823642980686763,0.0025823650156016065,0.0025833333333333337
12.450000000000001,0.0025927770515142084,0.0025927777777612904,0.002593750000000001
12.5,0.0026031898048876753,0.0026031905399209743,0.0026041666666666674
12.55,0.002613602558192347,0.002613603302080658,0.0026145833333333338
12.600000000000001,0.0026240153114261786,0.002624016064240342,0.0026250000000000006
12.65,0.002634428064587097,0.002634428826400026,0.0026354166666666674
12.700000000000001,0.002644840817678356,0.00264484158855971,0.002645833333333334
12.75,0.0026552535706961906,0.0026552543507193938,0.0026562500000000006
12.8,0.0026656663236438154,0.0026656671128790776,0.0026666666666666674
12.850000000000001,0.002676079076519224,0.0026760798750387615,0.002677083333333334
12.9,0.002686491829320338,0.0026864926371984454,0.0026875000000000007
12.950000000000001,0.0026969045820503376,0.0026969053993581293,0.0026979166666666675
13.0,0.0027073173347054824,0.0027073181615178132,0.002708333333333334
13.05,0.0027177300872889536,0.002717730923677497,0.0027187500000000007
13.100000000000001,0.0027281428397987655,0.002728143685837181,0.0027291666666666675
13.15,0.002738555592232918,0.002738556447996865,0.002739583333333334
13.200000000000001,0.0027489683445945895,0.002748969210156549,0.0027500000000000007
13.25,0.0027593810968800383,0.0027593819723162327,0.0027604166666666675
13.3,0.0027697938490924582,0.0027697947344759166,0.002770833333333334
13.350000000000001,0.0027802066012297066,0.0027802074966356005,0.0027812500000000007
13.4,0.002790619353289853,0.0027906202587952844,0.0027916666666666676
13.450000000000001,0.0028010321052760316,0.0028010330209549683,0.002802083333333334
13.5,0.0028114448571846173,0.002811445783114652,0.0028125000000000008
13.55,0.0028218576090187357,0.002821858545274336,0.0028229166666666676
13.600000000000001,0.0028322703607764252,0.00283227130743402,0.002833333333333334
13.65,0.0028426831124554177,0.002842684069593704,0.002843750000000001
13.700000000000001,0.0028530958640592464,0.002853096831753388,0.0028541666666666676
13.75,0.002863508615583946,0.0028635095939130717,0.002864583333333334
13.8,0.002873921367032776,0.0028739223560727556,0.002875000000000001
13.850000000000001,0.0028843341184036767,0.0028843351182324395,0.0028854166666666676
13.9,0.0028947468696946706,0.0028947478803921234,0.002895833333333334
13.950000000000001,0.0029051596209089797,0.0029051606425518073,0.002906250000000001
14.0,0.002915572372042777,0.002915573404711491,0.002916666666666667
14.05,0.002925985123099307,0.002925986166871175,0.002927083333333334
14.100000000000001,0.0029363978740765246,0.002936398929030859,0.002937500000000001
14.15,0.002946810624972372,0.002946811691190543,0.0029479166666666677
14.200000000000001,0.002957223375790115,0.0029572244533502268,0.002958333333333334
14.25,0.0029676361265259022,0.0029676372155099107,0.0029687500000000005
14.3,0.0029780488771830238,0.0029780499776695946,0.0029791666666666677
14.350000000000001,0.002988461627759386,0.0029884627398292785,0.002989583333333334
14.4,0.002998874378253094,0.0029988755019889624,0.003000000000000001
14.450000000000001,0.003009287128667162,0.0030092882641486463,0.0030104166666666678
14.5,0.0030196998789979806,0.00301970102630833,0.0030208333333333337
14.55,0.00303011262924865,0.003030113788468014,0.003031250000000001
14.600000000000001,0.003040525379417202,0.003040526550627698,0.0030416666666666678
14.65,0.0030509381295016104,0.003050939312787382,0.0030520833333333337
14.700000000000001,0.003061350879505054,0.0030613520749470657,0.003062500000000001
14.75,0.0030717636294237518,0.0030717648371067496,0.003072916666666667
14.8,0.003082176379261029,0.0030821775992664335,0.003083333333333334
14.850000000000001,0.0030925891290145974,0.0030925903614261174,0.003093750000000001
14.9,0.003103001878682652,0.0031030031235858013,0.003104166666666667
14.950000000000001,0.0031134146282684066,0.0031134158857454852,0.0031145833333333342
15.0,0.0031238273777679233,0.003123828647905169,0.0031250000000000006
15.05,0.0031342401271844886,0.003134241410064853,0.003135416666666667
15.100000000000001,0.0031446528765161227,0.003144654172224537,0.0031458333333333342
15.15,0.0031550656257608185,0.003155066934384221,0.0031562500000000006
15.200000000000001,0.0031654783749217935,0.0031654796965439047,0.003166666666666668
15.25,0.003175891123995073,0.0031758924587035886,0.003177083333333334
15.3,0.003186303872984053,0.0031863052208632725,0.0031875000000000007
15.350000000000001,0.003196716621886752,0.0031967179830229564,0.003197916666666668
15.4,0.0032071293707009786,0.0032071307451826403,0.003208333333333334
15.450000000000001,0.0032175421194300616,0.003217543507342324,0.003218750000000001
15.5,0.003227954868070119,0.003227956269502008,0.003229166666666667
15.55,0.003238367616624514,0.003238369031661692,0.003239583333333334
15.600000000000001,0.003248780365091096,0.003248781793821376,0.003250000000000001
15.65,0.0032591931134678407,0.0032591945559810598,0.003260416666666667
15.700000000000001,0.003269605861758008,0.0032696073181407437,0.003270833333333334
15.75,0.0032800186099577857,0.0032800200803004276,0.0032812500000000007
15.8,0.0032904313580704135,0.0032904328424601115,0.003291666666666667
15.850000000000001,0.003300844106093824,0.0033008456046197954,0.0033020833333333344
15.9,0.003311256854025979,0.0033112583667794793,0.0033125000000000008
15.950000000000001,0.0033216696018701784,0.003321671128939163,0.003322916666666667
16.0,0.003332082349622542,0.003332083891098847,0.003333333333333334
16.05,0.0033424950972863747,0.003342496653258531,0.003343750000000001
16.1,0.003352907844859638,0.003352909415418215,0.003354166666666667
16.150000000000002,0.0033633205923420334,0.0033633221775778988,0.0033645833333333344
16.2,0.0033737333397296974,0.0033737349397375826,0.003375000000000001
16.25,0.003384146087029463,0.0033841477018972665,0.003385416666666667
16.3,0.0033945588342375356,0.0033945604640569504,0.003395833333333334
16.35,0.003404971581353496,0.0034049732262166343,0.003406250000000001
16.400000000000002,0.0034153843283770908,0.0034153859883763182,0.003416666666666668
16.45,0.0034257970753046093,0.003425798750536002,0.003427083333333334
16.5,0.0034362098221428663,0.003436211512695686,0.003437500000000001
16.55,0.003446622568887979,0.00344662427485537,0.0034479166666666673
16.6,0.003457035315539708,0.003457037037015054,0.003458333333333334
16.650000000000002,0.003467448062097687,0.0034674497991747377,0.0034687500000000013
16.7,0.003477860808558094,0.0034778625613344216,0.0034791666666666673
16.75,0.0034882735549277956,0.0034882753234941055,0.003489583333333334
16.8,0.0034986863012029116,0.0034986880856537894,0.003500000000000001
16.85,0.0035090990473832366,0.0035091008478134733,0.0035104166666666673
16.900000000000002,0.0035195117934685217,0.003519513609973157,0.0035208333333333346
16.95,0.0035299245394547762,0.003529926372132841,0.003531250000000001
17.0,0.0035403372853488393,0.003540339134292525,0.0035416666666666674
17.05,0.003550750031147054,0.003550751896452209,0.003552083333333334
17.1,0.003561162776848966,0.003561164658611893,0.003562500000000001
17.150000000000002,0.0035715755224543615,0.0035715774207715767,0.0035729166666666674
17.2,0.0035819882679593985,0.0035819901829312606,0.0035833333333333338
17.25,0.0035924010133708776,0.0035924029450909445,0.003593750000000001
17.3,0.003602813758684982,0.0036028157072506284,0.0036041666666666674
17.35,0.003613226503901427,0.0036132284694103123,0.0036145833333333342
17.400000000000002,0.003623639249019915,0.003623641231569996,0.003625000000000001
17.45,0.0036340519940366582,0.00363405399372968,0.003635416666666667
17.5,0.0036444647389584062,0.003644466755889364,0.0036458333333333343
17.55,0.0036548774837814385,0.003654879518049048,0.003656250000000001
17.6,0.003665290228505408,0.0036652922802087318,0.0036666666666666675
17.650000000000002,0.0036757029731299094,0.0036757050423684157,0.0036770833333333343
17.7,0.0036861157176512785,0.0036861178045280996,0.0036875000000000002
17.75,0.003696528462076326,0.0036965305666877835,0.0036979166666666675
17.8,0.0037069412064011696,0.0037069433288474674,0.0037083333333333343
17.85,0.00371735395062547,0.0037173560910071513,0.003718750000000001
17.900000000000002,0.0037277666947490382,0.003727768853166835,0.0037291666666666675
17.95,0.0037381794387679424,0.003738181615326519,0.003739583333333334
18.0,0.003748592182689053,0.003748594377486203,0.003750000000000001
18.05,0.003759004926508534,0.003759007139645887,0.0037604166666666675
18.1,0.0037694176702263134,0.0037694199018055707,0.0037708333333333344
18.150000000000002,0.003779830413841732,0.0037798326639652546,0.003781250000000001
18.2,0.0037902431573511187,0.0037902454261249385,0.003791666666666667
18.25,0.0038006559007614823,0.0038006581882846224,0.003802083333333334
18.3,0.0038110686440688147,0.0038110709504443063,0.0038125000000000012
18.35,0.0038214813872728165,0.0038214837126039902,0.0038229166666666676
18.400000000000002,0.0038318941303732237,0.003831896474763674,0.0038333333333333344
18.45,0.0038423068733661773,0.003842309236923358,0.0038437500000000004
18.5,0.0038527196162586436,0.003852721999083042,0.003854166666666667
18.55,0.0038631323590465937,0.003863134761242726,0.0038645833333333345
18.6,0.0038735451017298823,0.0038735475234024097,0.0038750000000000013
18.650000000000002,0.003883957844308097,0.0038839602855620936,0.0038854166666666677
18.7,0.0038943705867775236,0.0038943730477217775,0.003895833333333334
18.75,0.003904783329144924,0.0039047858098814614,0.003906250000000001
18.8,0.003915196071406452,0.003915198572041145,0.003916666666666668
18.85,0.0039256088135618695,0.003925611334200829,0.0039270833333333345
18.900000000000002,0.003936021555610874,0.003936024096360513,0.003937500000000001
18.95,0.003946434297549658,0.003946436858520197,0.003947916666666667
19.0,0.003956847039385029,0.003956849620679881,0.003958333333333334
19.05,0.00396725978111309,0.003967262382839565,0.003968750000000001
19.1,0.003977672522733604,0.003977675144999249,0.003979166666666668
19.150000000000002,0.003988085264246252,0.003988087907158933,0.0039895833333333346
19.200000000000003,0.003998498005650934,0.0039985006693186165,0.004000000000000001
19.25,0.004008910746943599,0.0040089134314783,0.004010416666666667
19.3,0.0040193234881312455,0.004019326193637984,0.004020833333333334
19.35,0.004029736229209864,0.004029738955797668,0.004031250000000001
19.400000000000002,0.004040148970179184,0.004040151717957352,0.004041666666666668
19.450000000000003,0.004050561711038994,0.004050564480117036,0.004052083333333335
19.5,0.0040609744517854885,0.00406097724227672,0.004062500000000001
19.55,0.0040713871924254715,0.004071390004436404,0.004072916666666667
19.6,0.0040817999329552015,0.004081802766596088,0.004083333333333335
19.650000000000002,0.00409221267337422,0.0040922155287557715,0.004093750000000001
19.700000000000003,0.004102625413682272,0.0041026282909154554,0.004104166666666668
19.75,0.004113038153875563,0.004113041053075139,0.004114583333333334
19.8,0.004123450893961041,0.004123453815234823,0.004125000000000001
19.85,0.00413386363393461,0.004133866577394507,0.004135416666666668
19.900000000000002,0.004144276373796115,0.004144279339554191,0.004145833333333335
19.950000000000003,0.0041546891135453776,0.004154692101713875,0.004156250000000001
20.0,0.0041651018531783605,0.004165104863873559,0.0041666666666666675
