method_id,h,mean_energy_error_per_site,standard_error,max_norm_error
1.0,0.0025,7.657325977938303e-7,7.275793927675978e-8,3.3306690738754696e-16
1.0,0.005,6.1831268739663914e-6,6.135082042599878e-7,3.3306690738754696e-16
1.0,0.01,4.911920911372834e-5,4.829065364614403e-6,3.3306690738754696e-16
1.0,0.02,0.00039790382600694683,3.887046102938322e-5,3.3306690738754696e-16
1.0,0.04,0.0031623967630229556,0.00030987680670431907,3.3306690738754696e-16
1.0,0.06,0.010217322307916537,0.0009575597956376461,3.3306690738754696e-16
1.0,0.08,0.024343916550003945,0.002325257247750266,3.3306690738754696e-16
1.0,0.1,0.04469138572584768,0.004123188356512742,3.3306690738754696e-16
1.0,0.125,0.08184704940973286,0.007645221802531103,3.3306690738754696e-16
1.0,0.15,0.12539545490584994,0.011026197911033367,3.3306690738754696e-16
1.0,0.2,0.2262812999280636,0.017559817459506053,3.3306690738754696e-16
1.0,0.25,0.314251408690405,0.02253521639798771,3.3306690738754696e-16
2.0,0.0025,-5.0621420442859605e-8,6.6724928440433476e-9,3.108624468950438e-14
2.0,0.005,-4.0585365441774163e-7,5.404949143254214e-8,1.9984014443252818e-14
2.0,0.01,-3.2628085767144428e-6,4.4079053744365776e-7,1.6209256159527285e-14
2.0,0.02,-2.5686189574215695e-5,3.150650094184751e-6,1.2545520178264269e-14
2.0,0.04,-0.0002009885373540987,2.78176222139354e-5,7.549516567451064e-15
2.0,0.06,-0.0006765772778469593,9.519638070187076e-5,5.773159728050814e-15
2.0,0.08,-0.0015546934201200412,0.00022221932759682698,5.329070518200751e-15
2.0,0.1,-0.00299955884765398,0.00045150506153676954,4.884981308350689e-15
2.0,0.125,-0.005898655788414914,0.0009464356987696032,4.440892098500626e-15
2.0,0.15,-0.010390548138570786,0.0016224618616829298,3.774758283725532e-15
2.0,0.2,-0.022097410020469815,0.0035764908663435575,3.774758283725532e-15
2.0,0.25,-0.04113791213530905,0.006370939113600687,3.552713678800501e-15
