temperature,start_id,mean_energy_per_site,energy_batch_se
0.001,1.0,-0.11749897842757001,9.109126371873542e-6
0.001,2.0,-0.11751881580411518,1.2927758911297837e-5
0.002,1.0,-0.11599756864523222,2.2714596980992553e-5
0.002,2.0,-0.11602324113200793,2.346576378111089e-5
0.003,1.0,-0.1144649221546238,4.617685394695292e-5
0.003,2.0,-0.11445830143215273,3.357020073082709e-5
0.004,1.0,-0.11292088510157856,5.096556205061134e-5
0.004,2.0,-0.11299714265799153,4.32054809684375e-5
0.005,1.0,-0.11138918471037414,4.146338542979778e-5
0.005,2.0,-0.11140578365044546,6.252364506572552e-5
# harmonic_slope,1.484375
# fitted_numerical_slope,1.51385420556
