J2_over_J1,phase_id,M_numeric,M_exact,E_numeric,E_exact,Q_neel,Q_two_sublattice_neel,max_energy_increase
0.1,1.0,0.37416573789518714,0.37416573867739417,-0.17099999843283487,-0.17100000000000004,0.37416571843516944,2.120512805282837e-17,-4.3582135123010346e-10
0.1,2.0,0.3741647032203292,0.24494897427831783,-0.170997925466008,-0.011000000000000001,0.37413894520785856,3.774111724059021e-16,-5.77003890833705e-7
0.2,1.0,0.3605551198507473,0.36055512754639896,-0.14399998607747466,-0.14400000000000002,0.36055488043825634,8.148277035268346e-18,-2.7849949291169906e-9
0.2,2.0,0.3604928719782168,0.2645751311064591,-0.1438873799357924,-0.024,0.3585553226894287,1.295038590978644e-10,-2.237190994003324e-5
0.3,1.0,0.3464100958441887,0.34641016151377546,-0.11899989355921672,-0.119,0.3464072417562657,2.1321415382820701e-16,-1.3694321981949642e-8
0.3,2.0,0.34338098797472305,0.282842712474619,-0.11416230574089403,-0.039,0.2353286032775849,0.0007733907333934145,-3.133220833041739e-5
0.4,1.0,0.33166233613742446,0.33166247903553997,-0.09599979621062843,-0.096,0.33165382665046406,1.011735874727013e-9,-2.159451541194901e-8
0.4,2.0,0.32984908903077537,0.3,-0.09341603791976197,-0.056,0.19662292939437956,0.0006297947323636063,-0.00013305542711071483
0.5,1.0,0.31622666315009573,0.31622776601683794,-0.07499876134594075,-0.075,0.31506735130284935,0.005584058882250137,-4.446911137934162e-8
0.5,2.0,0.31622761992024917,0.31622776601683794,-0.07499982250020826,-0.075,0.006758525970597962,0.31570364517189936,-1.1515918274529469e-8
0.6,1.0,0.33001404287467423,0.3,-0.09364526271593572,-0.056,0.0003157033911287974,0.178704215882219,-6.984372017564133e-5
0.6,2.0,0.3316623052242741,0.33166247903553997,-0.09599974999308339,-0.096,2.828603845561341e-7,0.3316483289275477,-1.5649262163908162e-8
0.7,1.0,0.34614002490739293,0.28284271247461906,-0.11856533709675593,-0.03900000000000001,7.663787838805429e-5,0.33512174498575487,-5.975958124623815e-5
0.7,2.0,0.34641013646448776,0.34641016151377546,-0.11899995942166777,-0.119,6.046346390358462e-10,0.3464090469830727,-5.193694863070419e-9
0.8,1.0,0.36051015013911863,0.2645751311064591,-0.14391895189103293,-0.023999999999999994,1.805452067224046e-6,0.3591629170655939,-1.6844907366503348e-5
0.8,2.0,0.3605551242936486,0.36055512754639896,-0.14399999411958322,-0.14400000000000002,1.1501048495778073e-9,0.3605550232814118,-1.1770118490961323e-9
0.9,1.0,0.3741656198384174,0.2449489742783178,-0.17099976209453213,-0.010999999999999998,3.85323130229682e-8,0.3741626705797475,-6.632877611045807e-8
0.9,2.0,0.37416573837717626,0.37416573867739417,-0.1709999993989459,-0.17100000000000004,1.0925900552387253e-10,0.37416573092264055,-1.6737305985614626e-10
