h,strict_error,shared_endpoint_error
0.125,0.0002600947311157614,0.01007423666590207
0.0625,6.459033405294002e-5,0.0048409637480066525
0.03125,1.608787201752902e-5,0.0023703067482827096
0.015625,4.014145878643637e-6,0.0011724777113491418
0.0078125,1.0025360225607972e-6,0.0005830541913045938
0.00390625,2.5050752756050035e-7,0.00029072901022149145
0.001953125,6.261098729310427e-8,0.00014516474701542018
0.0009765625,1.5650758583102806e-8,7.25324045946954e-5
0.00048828125,3.912444424039309e-9,3.625370640939696e-5
