h,error_mean_M,error_mean_M2,error_mean_ex,error_mean_mx
0.25,0.00040546994972778805,0.0007680391670366049,0.005692876940346703,0.004793198127554965
0.125,9.478303938392774e-5,0.00017975846191697897,0.002952542478099729,0.0025814229972470626
0.0625,2.292131752201776e-5,4.349340029607962e-5,0.001504898406467392,0.0013366354381866286
0.03125,5.636477078962976e-6,1.0697790955971342e-5,0.0007598997947722008,0.0006798097404032699
0.015625,1.3975692394474493e-6,2.652824744653337e-6,0.0003818515143999557,0.00034278237776386167
0.0078125,3.4795980075053023e-7,6.605232888423629e-7,0.0001914061817385182,0.00017211133036587611
0.00390625,8.681158814027867e-8,1.647967075024681e-7,9.582382848316584e-5,8.623580385203056e-5
0.001953125,2.1680644834987106e-8,4.11574890835098e-8,4.7942173417192535e-5,4.316294601691695e-5
0.0009765625,5.4173774355348314e-9,1.028415752557521e-8,2.3978642308297715e-5,2.1592718529861443e-5
