h,numerical_mean_Xx,exact_mean_Xx,absolute_weak_error
0.25,0.8244236300183285,0.8187307530779818,0.005692876940346703
0.125,0.8216832955560823,0.8187307530779818,0.002952542478100506
0.0625,0.8202356514844492,0.8187307530779818,0.001504898406467392
0.03125,0.819490652872754,0.8187307530779818,0.0007598997947722008
0.015625,0.8191126045923934,0.8187307530779818,0.000381851514411613
0.0078125,0.8189221592597087,0.8187307530779818,0.00019140618172686086
0.00390625,0.818826576906465,0.8187307530779818,9.582382848316584e-5
0.001953125,0.818778695251399,0.8187307530779818,4.7942173417192535e-5
0.0009765625,0.8187547317202901,0.8187307530779818,2.3978642308297715e-5
