N,h,strong_rms_error,strong_over_sqrt_h,weak_signed_error_Xz,weak_abs_error_Xz,weak_standard_error
32.0,0.03125,0.007993990789463248,0.04522084076777812,-0.00019961193048664556,0.00019961193048664556,8.776145138695277e-5
48.0,0.020833333333333332,0.0063574401749370265,0.044045637556282005,-0.00011751507076775739,0.00011751507076775739,6.934383236643556e-5
64.0,0.015625,0.005444708772920749,0.04355767018336599,-3.486424973756866e-5,3.486424973756866e-5,5.918727326211142e-5
96.0,0.010416666666666666,0.0044170889046795695,0.04327845585989595,2.69383188984289e-5,2.69383188984289e-5,4.766814717887412e-5
128.0,0.0078125,0.003868728386970669,0.04376966523193366,9.861170008589007e-6,9.861170008589007e-6,4.1797067556873886e-5
192.0,0.005208333333333333,0.003094574005717442,0.04287967524547641,1.9356178346410295e-5,1.9356178346410295e-5,3.287651882439249e-5
256.0,0.00390625,0.0026970746284026,0.0431531940544416,-2.272704472786154e-6,2.272704472786154e-6,2.9193787133545216e-5
384.0,0.0026041666666666665,0.00220264346707949,0.0431628206369567,-8.392145315171629e-6,8.392145315171629e-6,2.332534147601618e-5
512.0,0.001953125,0.001894891848034492,0.042876508011529535,5.698304757624202e-7,5.698304757624202e-7,2.0135207500739667e-5
768.0,0.0013020833333333333,0.0015500234525080868,0.042955509962677295,-2.0399680117692988e-5,2.0399680117692988e-5,1.6466886745097904e-5
1024.0,0.0009765625,0.0013173383222236047,0.04215482631115535,3.2202626239115688e-6,3.2202626239115688e-6,1.4094028108818612e-5
