h_left,h_right,p_effective
0.03125,0.020833333333333332,0.5649420761790244
0.020833333333333332,0.015625,0.5387250483474155
0.015625,0.010416666666666666,0.5158604409783991
0.010416666666666666,0.0078125,0.4607690296994705
0.0078125,0.005208333333333333,0.550665419169418
0.005208333333333333,0.00390625,0.47789749744449056
0.00390625,0.0026041666666666665,0.4994498802111948
0.0026041666666666665,0.001953125,0.5231346155284015
0.001953125,0.0013020833333333333,0.49545990306947596
0.0013020833333333333,0.0009765625,0.5654046557625837
